<?xml version="1.0" encoding="UTF-8"?>
<!DOCTYPE xml>
<configuration>

	<!-- Stop output INFO at start -->
    <statusListener class="ch.qos.logback.core.status.NopStatusListener" />
    
	<appender name="console"
		class="ch.qos.logback.core.ConsoleAppender">
		<layout class="ch.qos.logback.classic.PatternLayout">
			<Pattern>%d{HH:mm:ss.SSS} [%thread] %-5level %logger{36} - %msg%n
			</Pattern>
		</layout>
	</appender>

	<!-- Application Loggers -->
	<logger name="fr.aoufi.springmvcsecurity">
		<level value="debug" />
	</logger>

	<!-- 3rdparty Loggers -->
	<logger name="org.springframework">
		<level value="info" />
	</logger>

	<logger name="org.springframework.core">
		<level value="info" />
	</logger>

	<logger name="org.springframework.beans">
		<level value="info" />
	</logger>
	
	<logger name="org.springframework.context">
		<level value="info" />
	</logger>
	
	<logger name="org.springframework.web">
		<level value="info" />
	</logger>
	
	<logger name="org.hibernate">
		<level value="error" />
	</logger>
	
	<logger name="org.springframework.security">
		<level value="info" />
	</logger>

	<!-- Root Logger -->
	<root>
		<priority value="warn" />
		<appender-ref ref="console" />
	</root>

</configuration>