<?xml version="1.0"?>
<data grt_format="2.0">
  <value _ptr_="000000001FF85A50" type="list" content-type="object" content-struct-name="db.mgmt.Connection">
    <value type="object" struct-name="db.mgmt.Connection" id="{88812542-24AF-4A30-897D-783D5943AF00}" struct-checksum="0x96ba47d8">
      <link type="object" struct-name="db.mgmt.Driver" key="driver">com.mysql.rdbms.mysql.driver.native</link>
      <value type="string" key="hostIdentifier">Mysql@localhost:3306</value>
      <value type="int" key="isDefault">1</value>
      <value _ptr_="0000000026355E40" type="dict" key="modules"/>
      <value _ptr_="000000002635CCF0" type="dict" key="parameterValues">
        <value type="string" key=""></value>
        <value type="string" key="SQL_MODE"></value>
        <value type="string" key="hostName">localhost</value>
        <value type="int" key="lastConnected">1529297623</value>
        <value type="string" key="password"></value>
        <value type="int" key="port">3306</value>
        <value type="string" key="schema"></value>
        <value type="string" key="serverVersion">5.7.16-log</value>
        <value type="string" key="sslCA"></value>
        <value type="string" key="sslCert"></value>
        <value type="string" key="sslCipher"></value>
        <value type="string" key="sslKey"></value>
        <value type="int" key="useSSL">1</value>
        <value type="string" key="userName">root</value>
      </value>
      <value type="string" key="name">Local instance MySQL57</value>
      <link type="object" struct-name="GrtObject" key="owner">{66969AD3-C9B7-48BB-AA20-071CDFCD6E25}</link>
    </value>
    <value type="object" struct-name="db.mgmt.Connection" id="{5257E621-4A6A-4CF0-A9C6-AF9D6189F52D}" struct-checksum="0x96ba47d8">
      <link type="object" struct-name="db.mgmt.Driver" key="driver">com.mysql.rdbms.mysql.driver.native</link>
      <value type="string" key="hostIdentifier">Mysql@192.168.109.113:3306</value>
      <value type="int" key="isDefault">0</value>
      <value _ptr_="000000002635CAC0" type="dict" key="modules"/>
      <value _ptr_="000000002635C9E0" type="dict" key="parameterValues">
        <value type="string" key="SQL_MODE"></value>
        <value type="string" key="hostName">192.168.109.113</value>
        <value type="int" key="lastConnected">1529300299</value>
        <value type="string" key="password"></value>
        <value type="int" key="port">3306</value>
        <value type="string" key="schema"></value>
        <value type="string" key="serverVersion">5.7.19</value>
        <value type="string" key="sslCA"></value>
        <value type="string" key="sslCert"></value>
        <value type="string" key="sslCipher"></value>
        <value type="string" key="sslKey"></value>
        <value type="int" key="useSSL">1</value>
        <value type="string" key="userName">root</value>
      </value>
      <value type="string" key="name">LinearPortal</value>
      <link type="object" struct-name="GrtObject" key="owner">{66969AD3-C9B7-48BB-AA20-071CDFCD6E25}</link>
    </value>
  </value>
</data>
