<?xml version="1.0"?>
<data grt_format="2.0">
  <value _ptr_="000000001FF84C50" type="list" content-type="object" content-struct-name="db.mgmt.ServerInstance">
    <value type="object" struct-name="db.mgmt.ServerInstance" id="{9423E7A6-ACDE-40F7-BCED-90E48011383F}" struct-checksum="0x367436e2">
      <link type="object" struct-name="db.mgmt.Connection" key="connection">{88812542-24AF-4A30-897D-783D5943AF00}</link>
      <value _ptr_="0000000026355EB0" type="dict" key="loginInfo">
        <value type="string" key="wmi.hostName"></value>
        <value type="string" key="wmi.userName"></value>
      </value>
      <value _ptr_="000000002633DDB0" type="dict" key="serverInfo">
        <value type="string" key="basedir">C:\Program Files\MySQL\MySQL Server 5.7\</value>
        <value type="string" key="datadir">C:\ProgramData\MySQL\MySQL Server 5.7\Data\</value>
        <value type="string" key="detected_os_name">Windows 10 Pro</value>
        <value type="string" key="detected_os_type">windows</value>
        <value type="string" key="detected_os_variant">Windows</value>
        <value type="string" key="detected_os_version">Microsoft Windows [Version 10.0.16299.431]</value>
        <value type="string" key="errorLogFilePath">LQUANGHOA.err</value>
        <value type="string" key="generalLogFilePath">LQUANGHOA.log</value>
        <value type="string" key="serverVersion">5.7.16-log</value>
        <value type="int" key="setupPending">0</value>
        <value type="int" key="slowLogEnabled">1</value>
        <value type="string" key="slowLogFilePath">LQUANGHOA-slow.log</value>
        <value type="string" key="sys.config.path">C:\ProgramData\MySQL\MySQL Server 5.7\my.ini</value>
        <value type="int" key="sys.config.path.lock">1</value>
        <value type="string" key="sys.config.section">mysqld</value>
        <value type="string" key="sys.mysqld.service_name">MySQL57</value>
        <value type="string" key="sys.preset">Custom</value>
        <value type="string" key="sys.sudo"></value>
        <value type="string" key="sys.system">Windows</value>
        <value type="int" key="sys.usesudo">1</value>
        <value type="int" key="sys.usesudostatus">0</value>
        <value type="int" key="windowsAdmin">1</value>
      </value>
      <value type="string" key="name">Local MySQL57</value>
    </value>
    <value type="object" struct-name="db.mgmt.ServerInstance" id="{36D90B15-0732-40B3-A386-E5A87BECE782}" struct-checksum="0x367436e2">
      <link type="object" struct-name="db.mgmt.Connection" key="connection">{88812542-24AF-4A30-897D-783D5943AF00}</link>
      <value _ptr_="000000002633DB10" type="dict" key="loginInfo">
        <value type="string" key="wmi.hostName"></value>
        <value type="string" key="wmi.userName"></value>
      </value>
      <value _ptr_="000000002633D250" type="dict" key="serverInfo">
        <value type="int" key="setupPending">1</value>
        <value type="string" key="sys.config.path">C:\ProgramData\MySQL\MySQL Server 5.7\my.ini</value>
        <value type="int" key="sys.config.path.lock">1</value>
        <value type="string" key="sys.config.section">mysqld</value>
        <value type="string" key="sys.mysqld.service_name">MySQL57</value>
        <value type="string" key="sys.preset">Custom</value>
        <value type="string" key="sys.system">Windows</value>
        <value type="int" key="windowsAdmin">1</value>
      </value>
      <value type="string" key="name">Local MySQL57</value>
    </value>
    <value type="object" struct-name="db.mgmt.ServerInstance" id="{180B838B-F35D-46D4-B488-C9975E873A3F}" struct-checksum="0x367436e2">
      <link type="object" struct-name="db.mgmt.Connection" key="connection">{5257E621-4A6A-4CF0-A9C6-AF9D6189F52D}</link>
      <value _ptr_="000000002633D870" type="dict" key="loginInfo"/>
      <value _ptr_="000000002633DF00" type="dict" key="serverInfo">
        <value type="string" key="serverVersion">5.7.19</value>
        <value type="int" key="setupPending">0</value>
        <value type="string" key="sys.sudo"></value>
      </value>
      <value type="string" key="name">LinearPortal</value>
    </value>
  </value>
</data>
